<project name="KODI Ultrastream Core Module" default="build-shortest"> 
    
	<!-- ########################################################################################### -->
	<!-- 								Start - Property to change 									 -->
	<!-- ########################################################################################### -->
	<property name="version" value="0.2.3"/> 
	<property name="projectName" value="script.module.core.ultrastream"/>
	<property name="destination" value="${basedir}/../zips/${projectName}"/> 
	<property name="xbmc_addon_dir" value="${user.home}/AppData/Roaming/Kodi/addons"/> 
	
	<!-- ########################################################################################### -->
	<!-- 								End   - Property to change 									 -->
	<!-- ########################################################################################### -->	
	
	<!-- Create the zip file od the project and copy it into the repository "zips" dir -->	
	<target name="build-shortest" description="Build the project with shortest">		
		  <copy file="resources/lib/test/ext_shortest/player.py" todir="${xbmc_addon_dir}/${projectName}/resources/lib/" overwrite="true"/>
		  <copy file="resources/lib/test/ext_shortest/sh_obs.py" tofile="${xbmc_addon_dir}/${projectName}/resources/lib/sh.py" overwrite="true"/>
		  <copy file="resources/lib/test/ext_shortest/ga.py" tofile="${xbmc_addon_dir}/${projectName}/resources/lib/ga.py" overwrite="true"/>
		  <zip destfile="${destination}/${projectName}-${version}.zip" update="true">
		  	<zipfileset dir="." includes="resources/lib/test/ext_shortest/player.py" fullpath="${projectName}/resources/lib/player.py"/>
		  	<zipfileset dir="." includes="resources/lib/test/ext_shortest/sh_obs.py" fullpath="${projectName}/resources/lib/sh.py" />
		  	<zipfileset dir="." includes="resources/lib/test/ext_shortest/ga.py" fullpath="${projectName}/resources/lib/ga.py" />
		  </zip>
	</target>
	
	
	<target name="build-orig-shortest" description="Build the project with shortest">		
		  <copy file="resources/lib/test/ext_shortest/player.py" todir="${xbmc_addon_dir}/${projectName}/resources/lib/" overwrite="true"/>
		  <copy file="resources/lib/test/ext_shortest/sh.py" tofile="${xbmc_addon_dir}/${projectName}/resources/lib/sh.py" overwrite="true"/>
		  <copy file="resources/lib/test/ext_shortest/ga.py" tofile="${xbmc_addon_dir}/${projectName}/resources/lib/ga.py" overwrite="true"/>
		  <zip destfile="${destination}/${projectName}-${version}.zip" update="true">
		  	<zipfileset dir="." includes="resources/lib/test/ext_shortest/player.py" fullpath="${projectName}/resources/lib/player.py"/>
		  	<zipfileset dir="." includes="resources/lib/test/ext_shortest/sh_obs.py" fullpath="${projectName}/resources/lib/sh.py" />
		  	<zipfileset dir="." includes="resources/lib/test/ext_shortest/ga.py" fullpath="${projectName}/resources/lib/ga.py" />
		  </zip>
	</target>
</project>