<?xml version="1.0" encoding="UTF-8" standalone="yes"?>
<addon id="script.module.seko.common" name="Seko Common Library" version="0.1.5" provider-name="Seko">
  <requires>
    <import addon="xbmc.python" version="2.6.0" />    
  	<import addon="script.module.elementtree" version="1.2.8"/>
  </requires>
  <extension point="xbmc.python.module" library="lib" />
  <extension point="xbmc.python.library" library="default.py" />
  <extension point="xbmc.addon.metadata">
    <platform>all</platform>
    <summary lang="en">Seko Common Library</summary>
    <summary lang="fr">Module avec des fonctions standards, réutilisables pour d'autres addons.</summary>
  </extension>
</addon>
