<?xml version="1.0" encoding="UTF-8" standalone="yes"?>
<addon id="script.service.seko.ultrastream" name="Seko Ultrastream Service" version="0.1.0" provider-name="Seko">
  <requires>
    <import addon="xbmc.python" version="2.6.0" />
  	<import addon="script.module.core.ultrastream" version="0.1.4"/>
  </requires>
  <extension point="xbmc.python.module" library="lib" />
  <extension point="xbmc.service"  library="default.py" />
  <extension point="xbmc.addon.metadata">
    <platform>all</platform>
    <summary lang="en">Seko Ultrastream Service</summary>
    <summary lang="fr">Seko Ultrastream Service</summary>
  </extension>
</addon>
