<project name="Kodi Ultrastream's service" default="build-shortest"> 
    
	<!-- ########################################################################################### -->
	<!-- 								Start - Property to change 									 -->
	<!-- ########################################################################################### -->
	<property name="version" value="0.1.3"/> 
	<property name="projectName" value="script.service.seko.ultrastream"/>
	<property name="destination" value="${basedir}/../zips/${projectName}"/> 
	<property name="xbmc_addon_dir" value="${user.home}/AppData/Roaming/Kodi/addons"/> 
	<!-- ########################################################################################### -->
	<!-- 								End   - Property to change 									 -->
	<!-- ########################################################################################### -->	
	
	<!-- Create the zip file od the project and copy it into the repository "zips" dir -->	
		<target name="build-shortest" description="Build the project with shortest">		
			  <copy file="ext_shortest/default.py" todir="${xbmc_addon_dir}/${projectName}/" overwrite="true"/>
			  <zip destfile="${destination}/${projectName}-${version}.zip" update="true">
			  	<zipfileset dir="." includes="ext_shortest/default.py" fullpath="${projectName}/default.py"/>
			  </zip>
		</target>
</project>