<project name="KODI Ultrastream Core Module" default="build-all"> 
    
	<!-- ########################################################################################### -->
	<!-- 								Start - Property to change 									 -->
	<!-- ########################################################################################### -->
	
	<property name="CommonVersion" value="0.1.6"/>
	<property name="ScraperVersion" value="0.0.6"/>
	<property name="DownloaderVersion" value="0.1.2"/> 
	<property name="CoreVersion" value="0.1.8"/> 
	<property name="UltraStreamVersion" value="0.2.7"/> 
	<property name="USServiceVersion" value="0.1.4"/> 
	
	<!-- ########################################################################################### -->
	<!-- 								End   - Property to change 									 -->
	<!-- ########################################################################################### -->	
	
	<!-- Update version -->
	<target name="updateVersion">	

		<!-- Update common  build.xml -->
		<replaceregexp file="../script.module.seko.common/build.xml"
		               match="property name=&quot;version&quot; value=&quot;(.{5})&quot;"
		               replace="property name=&quot;version&quot; value=&quot;${CommonVersion}&quot;"
		/>
		<!-- Update scrapper  build.xml -->
		<replaceregexp file="../script.module.seko.scraper/build.xml"
		               match="property name=&quot;version&quot; value=&quot;(.{5})&quot;"
		               replace="property name=&quot;version&quot; value=&quot;${ScraperVersion}&quot;"
		/>
		<!-- Update downloader  build.xml -->
		<replaceregexp file="../script.module.seko.downloader/build.xml"
		               match="property name=&quot;version&quot; value=&quot;(.{5})&quot;"
		               replace="property name=&quot;version&quot; value=&quot;${DownloaderVersion}&quot;"
		/>
		<!-- Update core  build.xml -->
		<replaceregexp file="../script.module.core.ultrastream/build.xml"
		               match="property name=&quot;version&quot; value=&quot;(.{5})&quot;"
		               replace="property name=&quot;version&quot; value=&quot;${CoreVersion}&quot;"
		/>
		<replaceregexp file="../script.module.core.ultrastream/build_sh.xml"
		               match="property name=&quot;version&quot; value=&quot;(.{5})&quot;"
		               replace="property name=&quot;version&quot; value=&quot;${CoreVersion}&quot;"
		/>
		<!-- Update UltraStream  build.xml -->
		<replaceregexp file="../plugin.video.seko.ultrastream/build.xml"
		               match="property name=&quot;version&quot; value=&quot;(.{5})&quot;"
		               replace="property name=&quot;version&quot; value=&quot;${UltraStreamVersion}&quot;"
		/>
		<!-- Update Service  build.xml -->
		<replaceregexp file="../script.service.seko.ultrastream/build.xml"
		               match="property name=&quot;version&quot; value=&quot;(.{5})&quot;"
		               replace="property name=&quot;version&quot; value=&quot;${USServiceVersion}&quot;"
		/>
		<!-- Update Service  build.xml -->
		<replaceregexp file="../script.service.seko.ultrastream/build_sh.xml"
		               match="property name=&quot;version&quot; value=&quot;(.{5})&quot;"
		               replace="property name=&quot;version&quot; value=&quot;${USServiceVersion}&quot;"
		/>

	</target>
	<!-- Launch all build -->	
	<target name="build-all" description="Build all project" depends="updateVersion">		
		<ant dir="../script.module.seko.common/" antfile="build.xml" target="build-project"/>
		<ant dir="../script.module.seko.scraper/" antfile="build.xml" target="build-project"/>
		<ant dir="../script.module.seko.downloader/" antfile="build.xml" target="build-project"/>
		<ant dir="../script.module.core.ultrastream/" antfile="build.xml" target="build-project"/>
		<ant dir="../plugin.video.seko.ultrastream/" antfile="build.xml" target="build-project"/>
		<ant dir="../script.service.seko.ultrastream/" antfile="build.xml" target="build-project"/>
		<ant dir="../plugin.video.seko.ultrastream/" antfile="build.xml" target="build-project"/>
		<ant dir="../plugin.video.seko.ultrastream/" antfile="build.xml" target="generateMd5"/>
	</target>
	

	<!-- Launch all build with sh-->	
	<target name="build-all-sh" description="Build all project" depends="updateVersion">		
		<ant dir="../script.module.seko.common/" antfile="build.xml" target="build-project"/>
		<ant dir="../script.module.seko.scraper/" antfile="build.xml" target="build-project"/>
		<ant dir="../script.module.seko.downloader/" antfile="build.xml" target="build-project"/>
		<ant dir="../script.module.core.ultrastream/" antfile="build.xml" target="build-project"/>
		<ant dir="../script.module.core.ultrastream/" antfile="build_sh.xml" target="build-shortest"/>
		<ant dir="../plugin.video.seko.ultrastream/" antfile="build.xml" target="build-project"/>
		<ant dir="../script.service.seko.ultrastream/" antfile="build.xml" target="build-project"/>
		<ant dir="../script.service.seko.ultrastream/" antfile="build_sh.xml" target="build-shortest"/>
		<ant dir="../plugin.video.seko.ultrastream/" antfile="build.xml" target="build-project"/>
		<ant dir="../plugin.video.seko.ultrastream/" antfile="build.xml" target="generateMd5"/>
	</target>
</project>