<?xml version="1.0.1" encoding="UTF-8" standalone="yes"?>
<addon id="repository.seko" name="Seko Repository" version="1.0.0" provider-name="Seko">
	<extension point="xbmc.addon.repository" name="Seko Repository">
		<info compressed="false">https://raw.githubusercontent.com/Seko34/Kodi-Development/master/addons.xml</info>
		<checksum>https://raw.githubusercontent.com/Seko34/Kodi-Development/master/addons.xml.md5</checksum>
		<datadir zip="true">https://raw.githubusercontent.com/Seko34/Kodi-Development/master/zips</datadir>
	</extension>
	<extension point="xbmc.addon.metadata">
		<summary lang="en">Seko repository for Kodi</summary>
		<summary lang="fr">Seko repository pour Kodi</summary>
		<description lang="en">Go though the addons and see what you like</description>
		<description lang="fr">Repository pour les addons et modules Kodi.Le principal addon est "Ultrastream".</description>
		<platform>all</platform>
	</extension>
</addon>
