<?xml version="1.0" encoding="UTF-8" standalone="yes"?>
<addon id="plugin.video.seko.ultrastream" name="UltraStream" version="0.2.8" provider-name="Seko">
  <requires>
    <import addon="xbmc.python" version="2.7.0"/>
  	<import addon="script.module.core.ultrastream" version="0.1.8"/>
  	<import addon="script.service.seko.ultrastream" version="0.1.5"/>
  	<import addon="script.module.seko.common" version="0.1.6"/>
  	<import addon="script.module.seko.downloader" version="0.1.2"/>
    <import addon="script.module.pyxbmct" version="1.2" /> 
    <import addon="script.module.beautifulsoup" version="3.2.1"/> 
    <import addon="script.module.urlresolver" version="3.0.25"/> 
  </requires>
  <extension point="xbmc.python.pluginsource" library="ultrastream_addon.py">
    <provides>video</provides>
  </extension>
  <extension point="xbmc.addon.metadata">
		<summary lang="en">UltraStream Addon allows to watch streaming videos. </summary>
		<summary lang="fr">UltraStream permet de lire des videos en streaming. </summary>
		<description lang="en">UltraStream Addon allows to watch streaming videos (Film, Series, Anime). In case
		of the content could not be watch, you will be informed.
		</description>
		<description lang="fr">UltraStream permet de lire des videos(Film, Series, Anime) en streaming à partir de plusieurs annuaires de streaming. 
		Vous aurez le choix de choisir quel est votre annuaire de streaming préféré.
		Dans le cas où un contenu n'est plus disponible, vous serez informés.
		</description>
		<disclaimer lang="en">Feel free to use this addon.</disclaimer>
		<disclaimer lang="fr">Cet addon est opensource.</disclaimer>
		<language>en fr</language>
		<platform>all</platform>
		<license>GNU GENERAL PUBLIC LICENSE. Version 3, June 2007</license>
		<forum></forum>
		<website></website>
		<email></email>
		<source></source>
  </extension>
</addon>